{"cameraMode":{"drawMode":0,"name":"Shaded","section":"Shading Mode"},"sceneLighting":true,"audioPlay":false,"sceneViewState":{"m_AlwaysRefresh":false,"showFog":true,"showSkybox":true,"showFlares":true,"showImageEffects":true,"showParticleSystems":true,"showVisualEffectGraphs":true,"m_FxEnabled":true},"in2DMode":false,"pivot":{"x":2.6698341369628908,"y":5.975322723388672,"z":-10.029999732971192},"rotation":{"x":-0.1881638616323471,"y":0.0006350252660922706,"z":0.00010296444816049188,"w":-0.9820473790168762},"size":3.117832660675049,"orthographic":false}