{"cameraMode":{"drawMode":0,"name":"Shaded","section":"Shading Mode"},"sceneLighting":true,"audioPlay":false,"sceneViewState":{"m_AlwaysRefresh":false,"showFog":true,"showSkybox":true,"showFlares":true,"showImageEffects":true,"showParticleSystems":true,"showVisualEffectGraphs":true,"m_FxEnabled":true},"in2DMode":false,"pivot":{"x":-28.469070434570314,"y":2.916314125061035,"z":33.34886932373047},"rotation":{"x":-0.013751494698226452,"y":0.9832772016525269,"z":-0.16101185977458955,"w":-0.08397737145423889},"size":1.6093194484710694,"orthographic":false}